Notation;V;E;ID;FD;Time;SS;US;RPP;T;MinT;Beta;IterN
W(9);10;18;46;18;0.0007598;1;3;0.5;10;0;0.25;5
W(9);10;18;46;18;0.0006881;1;3;0.5;10;0;0.25;5
W(9);10;18;48;18;0.0006636;1;3;0.5;10;0;0.25;5
W(9);10;18;48;18;0.0006681;1;3;0.5;10;0;0.25;5
W(9);10;18;42;18;0.0006666;1;3;0.5;10;0;0.25;5
W(9);10;18;44;18;0.0006896;1;3;0.5;10;0;0.25;5
W(9);10;18;46;18;0.0013348;1;3;0.5;10;0;0.25;5
W(9);10;18;40;18;0.0007989;1;3;0.5;10;0;0.25;5
W(9);10;18;44;18;0.0007193;1;3;0.5;10;0;0.25;5
W(9);10;18;48;18;0.0007059;1;3;0.5;10;0;0.25;5
W(9);10;18;46;18;0.0006938;1;3;0.5;10;0;0.25;5
W(9);10;18;46;18;0.0006941;1;3;0.5;10;0;0.25;5
W(9);10;18;50;18;0.0007056;1;3;0.5;10;0;0.25;5
W(9);10;18;42;18;0.0006709;1;3;0.5;10;0;0.25;5
W(9);10;18;44;18;0.0006649;1;3;0.5;10;0;0.25;5
W(9);10;18;50;18;0.0006707;1;3;0.5;10;0;0.25;5
W(9);10;18;48;18;0.0006716;1;3;0.5;10;0;0.25;5
W(9);10;18;38;18;0.0006796;1;3;0.5;10;0;0.25;5
W(9);10;18;42;18;0.0006844;1;3;0.5;10;0;0.25;5
W(9);10;18;40;18;0.0007093;1;3;0.5;10;0;0.25;5
W(9);10;18;42;18;0.0006577;1;3;0.5;10;0;0.25;5
W(9);10;18;40;18;0.0006374;1;3;0.5;10;0;0.25;5
W(9);10;18;40;18;0.0006361;1;3;0.5;10;0;0.25;5
W(9);10;18;42;18;0.0006463;1;3;0.5;10;0;0.25;5
W(9);10;18;46;18;0.0006475;1;3;0.5;10;0;0.25;5
W(9);10;18;50;18;0.0006545;1;3;0.5;10;0;0.25;5
W(9);10;18;46;18;0.0007042;1;3;0.5;10;0;0.25;5
W(9);10;18;42;18;0.0006619;1;3;0.5;10;0;0.25;5
W(9);10;18;42;18;0.0010226;1;3;0.5;10;0;0.25;5
W(9);10;18;46;18;0.0006508;1;3;0.5;10;0;0.25;5
W(9);10;18;46;18;0.0006426;1;3;0.5;10;0;0.25;5
W(9);10;18;46;18;0.0007192;1;3;0.5;10;0;0.25;5
W(9);10;18;42;18;0.0007272;1;3;0.5;10;0;0.25;5
W(9);10;18;44;18;0.0006954;1;3;0.5;10;0;0.25;5
W(9);10;18;46;18;0.0008627;1;3;0.5;10;0;0.25;5
W(9);10;18;42;18;0.0007363;1;3;0.5;10;0;0.25;5
W(9);10;18;50;18;0.000667;1;3;0.5;10;0;0.25;5
W(9);10;18;42;18;0.0007065;1;3;0.5;10;0;0.25;5
W(9);10;18;50;18;0.0007057;1;3;0.5;10;0;0.25;5
W(9);10;18;44;18;0.0007355;1;3;0.5;10;0;0.25;5
W(9);10;18;44;18;0.000692;1;3;0.5;10;0;0.25;5
W(9);10;18;48;18;0.000684;1;3;0.5;10;0;0.25;5
W(9);10;18;42;18;0.0006814;1;3;0.5;10;0;0.25;5
W(9);10;18;46;18;0.0007065;1;3;0.5;10;0;0.25;5
W(9);10;18;42;18;0.0006851;1;3;0.5;10;0;0.25;5
W(9);10;18;44;18;0.0006821;1;3;0.5;10;0;0.25;5
W(9);10;18;48;18;0.0006908;1;3;0.5;10;0;0.25;5
W(9);10;18;44;18;0.0007243;1;3;0.5;10;0;0.25;5
W(9);10;18;50;18;0.0006895;1;3;0.5;10;0;0.25;5
W(9);10;18;42;18;0.0007155;1;3;0.5;10;0;0.25;5
W(29);30;58;720;366;0.0193827;2;10;0.5;10;0;0.25;15
W(29);30;58;716;368;0.0179061;2;10;0.5;10;0;0.25;15
W(29);30;58;718;366;0.0178961;2;10;0.5;10;0;0.25;15
W(29);30;58;726;366;0.0177528;2;10;0.5;10;0;0.25;15
W(29);30;58;718;366;0.0177067;2;10;0.5;10;0;0.25;15
W(29);30;58;722;366;0.0180439;2;10;0.5;10;0;0.25;15
W(29);30;58;728;368;0.0178168;2;10;0.5;10;0;0.25;15
W(29);30;58;716;368;0.0177908;2;10;0.5;10;0;0.25;15
W(29);30;58;722;368;0.0175998;2;10;0.5;10;0;0.25;15
W(29);30;58;720;366;0.0176635;2;10;0.5;10;0;0.25;15
W(29);30;58;728;366;0.017352;2;10;0.5;10;0;0.25;15
W(29);30;58;720;366;0.0170744;2;10;0.5;10;0;0.25;15
W(29);30;58;722;368;0.0180862;2;10;0.5;10;0;0.25;15
W(29);30;58;716;366;0.0174229;2;10;0.5;10;0;0.25;15
W(29);30;58;722;366;0.0165288;2;10;0.5;10;0;0.25;15
W(29);30;58;724;366;0.0173559;2;10;0.5;10;0;0.25;15
W(29);30;58;726;368;0.0169046;2;10;0.5;10;0;0.25;15
W(29);30;58;716;366;0.0170606;2;10;0.5;10;0;0.25;15
W(29);30;58;728;366;0.0177441;2;10;0.5;10;0;0.25;15
W(29);30;58;722;366;0.0174218;2;10;0.5;10;0;0.25;15
W(29);30;58;722;366;0.017381;2;10;0.5;10;0;0.25;15
W(29);30;58;720;368;0.0169972;2;10;0.5;10;0;0.25;15
W(29);30;58;728;366;0.0163663;2;10;0.5;10;0;0.25;15
W(29);30;58;724;366;0.0177666;2;10;0.5;10;0;0.25;15
W(29);30;58;724;366;0.0176891;2;10;0.5;10;0;0.25;15
W(29);30;58;734;366;0.0172455;2;10;0.5;10;0;0.25;15
W(29);30;58;726;366;0.0169569;2;10;0.5;10;0;0.25;15
W(29);30;58;720;366;0.0175132;2;10;0.5;10;0;0.25;15
W(29);30;58;720;366;0.0173012;2;10;0.5;10;0;0.25;15
W(29);30;58;720;368;0.017195;2;10;0.5;10;0;0.25;15
W(29);30;58;730;366;0.0186049;2;10;0.5;10;0;0.25;15
W(29);30;58;726;366;0.0185401;2;10;0.5;10;0;0.25;15
W(29);30;58;726;368;0.0172107;2;10;0.5;10;0;0.25;15
W(29);30;58;724;366;0.0172649;2;10;0.5;10;0;0.25;15
W(29);30;58;732;366;0.016851;2;10;0.5;10;0;0.25;15
W(29);30;58;728;368;0.0170339;2;10;0.5;10;0;0.25;15
W(29);30;58;730;368;0.0173917;2;10;0.5;10;0;0.25;15
W(29);30;58;726;366;0.0174675;2;10;0.5;10;0;0.25;15
W(29);30;58;730;366;0.0167202;2;10;0.5;10;0;0.25;15
W(29);30;58;726;366;0.0171919;2;10;0.5;10;0;0.25;15
W(29);30;58;726;368;0.0168312;2;10;0.5;10;0;0.25;15
W(29);30;58;716;366;0.0174197;2;10;0.5;10;0;0.25;15
W(29);30;58;728;366;0.0171284;2;10;0.5;10;0;0.25;15
W(29);30;58;726;366;0.0162962;2;10;0.5;10;0;0.25;15
W(29);30;58;726;366;0.0169969;2;10;0.5;10;0;0.25;15
W(29);30;58;722;366;0.0165447;2;10;0.5;10;0;0.25;15
W(29);30;58;720;366;0.0167341;2;10;0.5;10;0;0.25;15
W(29);30;58;726;366;0.0169831;2;10;0.5;10;0;0.25;15
W(29);30;58;722;366;0.016585;2;10;0.5;10;0;0.25;15
W(29);30;58;724;366;0.0172516;2;10;0.5;10;0;0.25;15
W(50);51;100;2310;1312;0.0981225;2;15;0.5;10;0;0.25;30
W(50);51;100;2296;1312;0.0997156;2;15;0.5;10;0;0.25;30
W(50);51;100;2314;1312;0.0997477;2;15;0.5;10;0;0.25;30
W(50);51;100;2290;1312;0.104995;2;15;0.5;10;0;0.25;30
W(50);51;100;2282;1312;0.0987825;2;15;0.5;10;0;0.25;30
W(50);51;100;2304;1312;0.102455;2;15;0.5;10;0;0.25;30
W(50);51;100;2296;1312;0.0972532;2;15;0.5;10;0;0.25;30
W(50);51;100;2306;1312;0.0972123;2;15;0.5;10;0;0.25;30
W(50);51;100;2288;1312;0.0979833;2;15;0.5;10;0;0.25;30
W(50);51;100;2312;1312;0.0981689;2;15;0.5;10;0;0.25;30
W(50);51;100;2296;1312;0.0957753;2;15;0.5;10;0;0.25;30
W(50);51;100;2316;1312;0.0980539;2;15;0.5;10;0;0.25;30
W(50);51;100;2312;1312;0.105671;2;15;0.5;10;0;0.25;30
W(50);51;100;2302;1312;0.100514;2;15;0.5;10;0;0.25;30
W(50);51;100;2296;1312;0.0987794;2;15;0.5;10;0;0.25;30
W(50);51;100;2310;1312;0.0983779;2;15;0.5;10;0;0.25;30
W(50);51;100;2304;1312;0.096707;2;15;0.5;10;0;0.25;30
W(50);51;100;2300;1312;0.0971778;2;15;0.5;10;0;0.25;30
W(50);51;100;2312;1312;0.0996706;2;15;0.5;10;0;0.25;30
W(50);51;100;2294;1312;0.103473;2;15;0.5;10;0;0.25;30
W(50);51;100;2298;1312;0.0969245;2;15;0.5;10;0;0.25;30
W(50);51;100;2296;1312;0.10138;2;15;0.5;10;0;0.25;30
W(50);51;100;2290;1312;0.102997;2;15;0.5;10;0;0.25;30
W(50);51;100;2290;1312;0.0951256;2;15;0.5;10;0;0.25;30
W(50);51;100;2300;1312;0.091237;2;15;0.5;10;0;0.25;30
W(50);51;100;2294;1314;0.0940324;2;15;0.5;10;0;0.25;30
W(50);51;100;2298;1312;0.0937672;2;15;0.5;10;0;0.25;30
W(50);51;100;2300;1312;0.0950898;2;15;0.5;10;0;0.25;30
W(50);51;100;2288;1312;0.0923644;2;15;0.5;10;0;0.25;30
W(50);51;100;2310;1312;0.0940919;2;15;0.5;10;0;0.25;30
W(50);51;100;2310;1312;0.0983922;2;15;0.5;10;0;0.25;30
W(50);51;100;2292;1312;0.0949274;2;15;0.5;10;0;0.25;30
W(50);51;100;2308;1312;0.0945647;2;15;0.5;10;0;0.25;30
W(50);51;100;2304;1312;0.0938421;2;15;0.5;10;0;0.25;30
W(50);51;100;2294;1312;0.093818;2;15;0.5;10;0;0.25;30
W(50);51;100;2310;1312;0.0960291;2;15;0.5;10;0;0.25;30
W(50);51;100;2312;1312;0.0926338;2;15;0.5;10;0;0.25;30
W(50);51;100;2302;1314;0.0910708;2;15;0.5;10;0;0.25;30
W(50);51;100;2296;1314;0.0944481;2;15;0.5;10;0;0.25;30
W(50);51;100;2304;1312;0.0927555;2;15;0.5;10;0;0.25;30
W(50);51;100;2292;1312;0.0949058;2;15;0.5;10;0;0.25;30
W(50);51;100;2310;1312;0.101776;2;15;0.5;10;0;0.25;30
W(50);51;100;2296;1312;0.0961312;2;15;0.5;10;0;0.25;30
W(50);51;100;2296;1312;0.0971112;2;15;0.5;10;0;0.25;30
W(50);51;100;2296;1312;0.101968;2;15;0.5;10;0;0.25;30
W(50);51;100;2300;1312;0.0943953;2;15;0.5;10;0;0.25;30
W(50);51;100;2294;1312;0.0920232;2;15;0.5;10;0;0.25;30
W(50);51;100;2310;1312;0.0935348;2;15;0.5;10;0;0.25;30
W(50);51;100;2296;1310;0.0935215;2;15;0.5;10;0;0.25;30
W(50);51;100;2304;1312;0.0904523;2;15;0.5;10;0;0.25;30
W(69);70;138;4494;2708;0.241554;3;20;0.5;10;0;0.25;35
W(69);70;138;4478;2708;0.248916;3;20;0.5;10;0;0.25;35
W(69);70;138;4480;2708;0.250105;3;20;0.5;10;0;0.25;35
W(69);70;138;4492;2708;0.265851;3;20;0.5;10;0;0.25;35
W(69);70;138;4496;2708;0.242011;3;20;0.5;10;0;0.25;35
W(69);70;138;4474;2708;0.270704;3;20;0.5;10;0;0.25;35
W(69);70;138;4486;2708;0.23959;3;20;0.5;10;0;0.25;35
W(69);70;138;4486;2708;0.237308;3;20;0.5;10;0;0.25;35
W(69);70;138;4494;2708;0.248404;3;20;0.5;10;0;0.25;35
W(69);70;138;4470;2710;0.241946;3;20;0.5;10;0;0.25;35
W(69);70;138;4490;2710;0.231321;3;20;0.5;10;0;0.25;35
W(69);70;138;4498;2710;0.235424;3;20;0.5;10;0;0.25;35
W(69);70;138;4474;2708;0.23443;3;20;0.5;10;0;0.25;35
W(69);70;138;4488;2708;0.237342;3;20;0.5;10;0;0.25;35
W(69);70;138;4494;2708;0.249697;3;20;0.5;10;0;0.25;35
W(69);70;138;4476;2710;0.23591;3;20;0.5;10;0;0.25;35
W(69);70;138;4486;2708;0.265484;3;20;0.5;10;0;0.25;35
W(69);70;138;4486;2708;0.23328;3;20;0.5;10;0;0.25;35
W(69);70;138;4496;2708;0.243081;3;20;0.5;10;0;0.25;35
W(69);70;138;4490;2708;0.226263;3;20;0.5;10;0;0.25;35
W(69);70;138;4458;2708;0.237628;3;20;0.5;10;0;0.25;35
W(69);70;138;4488;2708;0.252366;3;20;0.5;10;0;0.25;35
W(69);70;138;4484;2708;0.271909;3;20;0.5;10;0;0.25;35
W(69);70;138;4474;2708;0.241637;3;20;0.5;10;0;0.25;35
W(69);70;138;4496;2708;0.239466;3;20;0.5;10;0;0.25;35
W(69);70;138;4484;2708;0.245162;3;20;0.5;10;0;0.25;35
W(69);70;138;4484;2708;0.243236;3;20;0.5;10;0;0.25;35
W(69);70;138;4492;2708;0.240884;3;20;0.5;10;0;0.25;35
W(69);70;138;4490;2708;0.246593;3;20;0.5;10;0;0.25;35
W(69);70;138;4490;2708;0.257352;3;20;0.5;10;0;0.25;35
W(69);70;138;4486;2708;0.245341;3;20;0.5;10;0;0.25;35
W(69);70;138;4476;2708;0.231886;3;20;0.5;10;0;0.25;35
W(69);70;138;4492;2710;0.225739;3;20;0.5;10;0;0.25;35
W(69);70;138;4486;2708;0.234481;3;20;0.5;10;0;0.25;35
W(69);70;138;4494;2708;0.264029;3;20;0.5;10;0;0.25;35
W(69);70;138;4492;2708;0.262967;3;20;0.5;10;0;0.25;35
W(69);70;138;4484;2708;0.231639;3;20;0.5;10;0;0.25;35
W(69);70;138;4484;2708;0.242981;3;20;0.5;10;0;0.25;35
W(69);70;138;4488;2708;0.235647;3;20;0.5;10;0;0.25;35
W(69);70;138;4482;2708;0.233651;3;20;0.5;10;0;0.25;35
W(69);70;138;4478;2710;0.240709;3;20;0.5;10;0;0.25;35
W(69);70;138;4482;2708;0.251709;3;20;0.5;10;0;0.25;35
W(69);70;138;4484;2710;0.254319;3;20;0.5;10;0;0.25;35
W(69);70;138;4476;2708;0.246607;3;20;0.5;10;0;0.25;35
W(69);70;138;4482;2708;0.248996;3;20;0.5;10;0;0.25;35
W(69);70;138;4476;2708;0.245024;3;20;0.5;10;0;0.25;35
W(69);70;138;4482;2708;0.249354;3;20;0.5;10;0;0.25;35
W(69);70;138;4490;2708;0.241247;3;20;0.5;10;0;0.25;35
W(69);70;138;4480;2708;0.27626;3;20;0.5;10;0;0.25;35
W(69);70;138;4502;2710;0.242829;3;20;0.5;10;0;0.25;35
W(99);100;198;9400;5994;0.547654;5;20;0.7;10;0;0.25;35
W(99);100;198;9402;5994;0.495769;5;20;0.7;10;0;0.25;35
W(99);100;198;9404;5994;0.510565;5;20;0.7;10;0;0.25;35
W(99);100;198;9392;5994;0.498081;5;20;0.7;10;0;0.25;35
W(99);100;198;9406;5996;0.496993;5;20;0.7;10;0;0.25;35
W(99);100;198;9396;5994;0.531585;5;20;0.7;10;0;0.25;35
W(99);100;198;9394;5994;0.536514;5;20;0.7;10;0;0.25;35
W(99);100;198;9404;5994;0.532311;5;20;0.7;10;0;0.25;35
W(99);100;198;9392;5994;0.511509;5;20;0.7;10;0;0.25;35
W(99);100;198;9396;5996;0.533928;5;20;0.7;10;0;0.25;35
W(299);300;598;88248;64752;18.8918;10;70;0.7;10;0;0.25;50
W(299);300;598;88196;64754;19.7484;10;70;0.7;10;0;0.25;50
W(299);300;598;88220;64756;19.9241;10;70;0.7;10;0;0.25;50
W(299);300;598;88198;64768;22.0129;10;70;0.7;10;0;0.25;50
W(299);300;598;88204;64776;21.0585;10;70;0.7;10;0;0.25;50
W(299);300;598;88218;64752;19.2141;10;70;0.7;10;0;0.25;50
W(299);300;598;88198;64750;19.6095;10;70;0.7;10;0;0.25;50
W(299);300;598;88184;64758;19.6089;10;70;0.7;10;0;0.25;50
W(299);300;598;88202;64758;20.4553;10;70;0.7;10;0;0.25;50
W(299);300;598;88220;64752;17.7119;10;70;0.7;10;0;0.25;50
W(500);501;1000;248006;191594;103.262;30;200;0.7;10;0;0.25;45
W(500);501;1000;247988;191602;93.6981;30;200;0.7;10;0;0.25;45
W(500);501;1000;247968;191646;99.5834;30;200;0.7;10;0;0.25;45
W(500);501;1000;248044;191612;99.6346;30;200;0.7;10;0;0.25;45
W(500);501;1000;248004;191632;98.0081;30;200;0.7;10;0;0.25;45
W(500);501;1000;248032;191672;100.918;30;200;0.7;10;0;0.25;45
W(500);501;1000;247980;191774;100.304;30;200;0.7;10;0;0.25;45
W(500);501;1000;247982;191742;103.438;30;200;0.7;10;0;0.25;45
W(500);501;1000;247958;191642;99.231;30;200;0.7;10;0;0.25;45
W(500);501;1000;247996;191616;104.539;30;200;0.7;10;0;0.25;45
W(699);700;1398;485768;385792;136.81;70;350;0.8;10;0;0.25;30
W(699);700;1398;485792;385916;140.947;70;350;0.8;10;0;0.25;30
W(699);700;1398;485766;386214;131.647;70;350;0.8;10;0;0.25;30
W(699);700;1398;485822;385932;132.659;70;350;0.8;10;0;0.25;30
W(699);700;1398;485822;385870;136.747;70;350;0.8;10;0;0.25;30
W(699);700;1398;485816;385852;144.333;70;350;0.8;10;0;0.25;30
W(699);700;1398;485812;385774;135.76;70;350;0.8;10;0;0.25;30
W(699);700;1398;485796;385836;138.798;70;350;0.8;10;0;0.25;30
W(699);700;1398;485774;385920;133.32;70;350;0.8;10;0;0.25;30
W(699);700;1398;485838;385790;141.103;70;350;0.8;10;0;0.25;30
W(2999);3000;5998;8981810;7991774;263.151;5000;6000;0.99;10;0;0.5;5
W(2999);3000;5998;8982132;7992212;244.601;5000;6000;0.99;10;0;0.5;5
W(2999);3000;5998;8981948;7991874;241.512;5000;6000;0.99;10;0;0.5;5
W(6999);7000;13998;48957962;47770108;532.23;10000;11000;0.99;10;0;0.5;3
W(6999);7000;13998;48958038;47769804;526.376;10000;11000;0.99;10;0;0.5;3
W(6999);7000;13998;48957992;47769640;529.294;10000;11000;0.99;10;0;0.5;3
W(13499);13500;26998;182169104;182169094;63.1271;5;5;0.99;10;0;10;1
C(10);10;10;68;64;0.0008859;1;5;0.5;10;0;0.25;5
C(10);10;10;68;64;0.0009264;1;5;0.5;10;0;0.25;5
C(10);10;10;68;68;0.0008308;1;5;0.5;10;0;0.25;5
C(10);10;10;76;64;0.0012423;1;5;0.5;10;0;0.25;5
C(10);10;10;76;64;0.0016872;1;5;0.5;10;0;0.25;5
C(10);10;10;68;68;0.0009153;1;5;0.5;10;0;0.25;5
C(10);10;10;68;64;0.0009181;1;5;0.5;10;0;0.25;5
C(10);10;10;72;64;0.0008609;1;5;0.5;10;0;0.25;5
C(10);10;10;72;64;0.0008716;1;5;0.5;10;0;0.25;5
C(10);10;10;68;64;0.0008642;1;5;0.5;10;0;0.25;5
C(10);10;10;72;64;0.0008602;1;5;0.5;10;0;0.25;5
C(10);10;10;68;64;0.0008722;1;5;0.5;10;0;0.25;5
C(10);10;10;64;64;0.0009335;1;5;0.5;10;0;0.25;5
C(10);10;10;72;64;0.0008658;1;5;0.5;10;0;0.25;5
C(10);10;10;68;64;0.0008509;1;5;0.5;10;0;0.25;5
C(10);10;10;72;64;0.0008792;1;5;0.5;10;0;0.25;5
C(10);10;10;76;64;0.000846;1;5;0.5;10;0;0.25;5
C(10);10;10;68;64;0.0008366;1;5;0.5;10;0;0.25;5
C(10);10;10;72;64;0.0008435;1;5;0.5;10;0;0.25;5
C(10);10;10;76;64;0.0008714;1;5;0.5;10;0;0.25;5
C(10);10;10;76;64;0.0015039;1;5;0.5;10;0;0.25;5
C(10);10;10;72;64;0.0014339;1;5;0.5;10;0;0.25;5
C(10);10;10;76;64;0.0009571;1;5;0.5;10;0;0.25;5
C(10);10;10;72;64;0.0008936;1;5;0.5;10;0;0.25;5
C(10);10;10;64;64;0.0008773;1;5;0.5;10;0;0.25;5
C(10);10;10;68;68;0.000826;1;5;0.5;10;0;0.25;5
C(10);10;10;72;64;0.0008587;1;5;0.5;10;0;0.25;5
C(10);10;10;76;64;0.0010137;1;5;0.5;10;0;0.25;5
C(10);10;10;72;64;0.000896;1;5;0.5;10;0;0.25;5
C(10);10;10;72;64;0.0008606;1;5;0.5;10;0;0.25;5
C(10);10;10;68;64;0.0008726;1;5;0.5;10;0;0.25;5
C(10);10;10;68;64;0.0009022;1;5;0.5;10;0;0.25;5
C(10);10;10;68;64;0.0009108;1;5;0.5;10;0;0.25;5
C(10);10;10;72;64;0.0008365;1;5;0.5;10;0;0.25;5
C(10);10;10;76;64;0.0009038;1;5;0.5;10;0;0.25;5
C(10);10;10;72;64;0.0009207;1;5;0.5;10;0;0.25;5
C(10);10;10;72;64;0.0009318;1;5;0.5;10;0;0.25;5
C(10);10;10;76;64;0.0014729;1;5;0.5;10;0;0.25;5
C(10);10;10;68;64;0.0009462;1;5;0.5;10;0;0.25;5
C(10);10;10;68;64;0.0009648;1;5;0.5;10;0;0.25;5
C(10);10;10;72;64;0.0009207;1;5;0.5;10;0;0.25;5
C(10);10;10;68;64;0.0009862;1;5;0.5;10;0;0.25;5
C(10);10;10;72;64;0.0010879;1;5;0.5;10;0;0.25;5
C(10);10;10;76;64;0.0010138;1;5;0.5;10;0;0.25;5
C(10);10;10;68;64;0.0009385;1;5;0.5;10;0;0.25;5
C(10);10;10;72;64;0.0009012;1;5;0.5;10;0;0.25;5
C(10);10;10;68;64;0.0009558;1;5;0.5;10;0;0.25;5
C(10);10;10;76;64;0.0009281;1;5;0.5;10;0;0.25;5
C(10);10;10;76;64;0.0008899;1;5;0.5;10;0;0.25;5
C(10);10;10;72;64;0.0010117;1;5;0.5;10;0;0.25;5
C(30);30;30;2792;2748;0.0973982;2;10;0.5;10;0;0.25;10
C(30);30;30;2792;2748;0.0872148;2;10;0.5;10;0;0.25;10
C(30);30;30;2784;2748;0.0310423;2;10;0.5;10;0;0.25;10
C(30);30;30;2756;2748;0.0578079;2;10;0.5;10;0;0.25;10
C(30);30;30;2780;2748;0.0283563;2;10;0.5;10;0;0.25;10
C(30);30;30;2788;2748;0.0307131;2;10;0.5;10;0;0.25;10
C(30);30;30;2792;2748;0.0291463;2;10;0.5;10;0;0.25;10
C(30);30;30;2772;2748;0.030366;2;10;0.5;10;0;0.25;10
C(30);30;30;2764;2744;0.0304114;2;10;0.5;10;0;0.25;10
C(30);30;30;2812;2744;0.0312034;2;10;0.5;10;0;0.25;10
C(30);30;30;2808;2748;0.0307509;2;10;0.5;10;0;0.25;10
C(30);30;30;2780;2748;0.0300722;2;10;0.5;10;0;0.25;10
C(30);30;30;2776;2748;0.03396;2;10;0.5;10;0;0.25;10
C(30);30;30;2804;2748;0.032136;2;10;0.5;10;0;0.25;10
C(30);30;30;2768;2748;0.0323636;2;10;0.5;10;0;0.25;10
C(30);30;30;2808;2744;0.0342958;2;10;0.5;10;0;0.25;10
C(30);30;30;2780;2748;0.0310092;2;10;0.5;10;0;0.25;10
C(30);30;30;2772;2748;0.0325822;2;10;0.5;10;0;0.25;10
C(30);30;30;2792;2748;0.0352746;2;10;0.5;10;0;0.25;10
C(30);30;30;2760;2748;0.0332842;2;10;0.5;10;0;0.25;10
C(30);30;30;2824;2748;0.0320537;2;10;0.5;10;0;0.25;10
C(30);30;30;2784;2748;0.0339493;2;10;0.5;10;0;0.25;10
C(30);30;30;2788;2748;0.033948;2;10;0.5;10;0;0.25;10
C(30);30;30;2796;2744;0.031364;2;10;0.5;10;0;0.25;10
C(30);30;30;2768;2748;0.0283647;2;10;0.5;10;0;0.25;10
C(30);30;30;2808;2748;0.0300039;2;10;0.5;10;0;0.25;10
C(30);30;30;2772;2748;0.0347117;2;10;0.5;10;0;0.25;10
C(30);30;30;2784;2748;0.0391599;2;10;0.5;10;0;0.25;10
C(30);30;30;2804;2752;0.0362788;2;10;0.5;10;0;0.25;10
C(30);30;30;2772;2748;0.0359992;2;10;0.5;10;0;0.25;10
C(30);30;30;2800;2744;0.0265999;2;10;0.5;10;0;0.25;10
C(30);30;30;2816;2748;0.0254146;2;10;0.5;10;0;0.25;10
C(30);30;30;2824;2748;0.0269322;2;10;0.5;10;0;0.25;10
C(30);30;30;2832;2748;0.0280216;2;10;0.5;10;0;0.25;10
C(30);30;30;2784;2748;0.0272816;2;10;0.5;10;0;0.25;10
C(30);30;30;2748;2748;0.0252862;2;10;0.5;10;0;0.25;10
C(30);30;30;2780;2748;0.0270104;2;10;0.5;10;0;0.25;10
C(30);30;30;2780;2748;0.0295284;2;10;0.5;10;0;0.25;10
C(30);30;30;2760;2748;0.0278088;2;10;0.5;10;0;0.25;10
C(30);30;30;2784;2748;0.0269372;2;10;0.5;10;0;0.25;10
C(30);30;30;2820;2748;0.0256634;2;10;0.5;10;0;0.25;10
C(30);30;30;2808;2748;0.0286198;2;10;0.5;10;0;0.25;10
C(30);30;30;2800;2748;0.0273342;2;10;0.5;10;0;0.25;10
C(30);30;30;2796;2748;0.0288735;2;10;0.5;10;0;0.25;10
C(30);30;30;2768;2752;0.0269514;2;10;0.5;10;0;0.25;10
C(30);30;30;2812;2748;0.0271938;2;10;0.5;10;0;0.25;10
C(30);30;30;2792;2748;0.0284873;2;10;0.5;10;0;0.25;10
C(30);30;30;2788;2748;0.0254986;2;10;0.5;10;0;0.25;10
C(30);30;30;2788;2748;0.0262887;2;10;0.5;10;0;0.25;10
C(30);30;30;2768;2748;0.0276553;2;10;0.5;10;0;0.25;10
C(50);50;50;13904;13836;0.0964195;2;15;0.5;10;0;0.25;10
C(50);50;50;13968;13832;0.102386;2;15;0.5;10;0;0.25;10
C(50);50;50;13976;13832;0.0964491;2;15;0.5;10;0;0.25;10
C(50);50;50;13964;13832;0.0898877;2;15;0.5;10;0;0.25;10
C(50);50;50;13920;13832;0.0922917;2;15;0.5;10;0;0.25;10
C(50);50;50;13928;13832;0.0940609;2;15;0.5;10;0;0.25;10
C(50);50;50;13920;13832;0.096851;2;15;0.5;10;0;0.25;10
C(50);50;50;13856;13836;0.0972228;2;15;0.5;10;0;0.25;10
C(50);50;50;13848;13836;0.0968851;2;15;0.5;10;0;0.25;10
C(50);50;50;13948;13836;0.0949929;2;15;0.5;10;0;0.25;10
C(50);50;50;13920;13832;0.105971;2;15;0.5;10;0;0.25;10
C(50);50;50;13908;13832;0.101549;2;15;0.5;10;0;0.25;10
C(50);50;50;13888;13832;0.10247;2;15;0.5;10;0;0.25;10
C(50);50;50;13856;13840;0.0941351;2;15;0.5;10;0;0.25;10
C(50);50;50;13992;13828;0.103966;2;15;0.5;10;0;0.25;10
C(50);50;50;13864;13836;0.111511;2;15;0.5;10;0;0.25;10
C(50);50;50;13864;13836;0.0920277;2;15;0.5;10;0;0.25;10
C(50);50;50;13888;13836;0.0990515;2;15;0.5;10;0;0.25;10
C(50);50;50;13960;13832;0.104394;2;15;0.5;10;0;0.25;10
C(50);50;50;13876;13836;0.0924642;2;15;0.5;10;0;0.25;10
C(50);50;50;13872;13832;0.105181;2;15;0.5;10;0;0.25;10
C(50);50;50;13920;13836;0.0944671;2;15;0.5;10;0;0.25;10
C(50);50;50;13944;13836;0.0935857;2;15;0.5;10;0;0.25;10
C(50);50;50;13884;13840;0.0979994;2;15;0.5;10;0;0.25;10
C(50);50;50;13968;13836;0.0944843;2;15;0.5;10;0;0.25;10
C(50);50;50;13896;13828;0.104008;2;15;0.5;10;0;0.25;10
C(50);50;50;13860;13836;0.110593;2;15;0.5;10;0;0.25;10
C(50);50;50;13876;13836;0.0996693;2;15;0.5;10;0;0.25;10
C(50);50;50;13876;13832;0.10874;2;15;0.5;10;0;0.25;10
C(50);50;50;13972;13832;0.0981025;2;15;0.5;10;0;0.25;10
C(50);50;50;13896;13840;0.0975436;2;15;0.5;10;0;0.25;10
C(50);50;50;13888;13828;0.0932573;2;15;0.5;10;0;0.25;10
C(50);50;50;13892;13832;0.0993998;2;15;0.5;10;0;0.25;10
C(50);50;50;13864;13832;0.0910346;2;15;0.5;10;0;0.25;10
C(50);50;50;13852;13832;0.0869345;2;15;0.5;10;0;0.25;10
C(50);50;50;13932;13832;0.0918322;2;15;0.5;10;0;0.25;10
C(50);50;50;13912;13832;0.0949929;2;15;0.5;10;0;0.25;10
C(50);50;50;14036;13832;0.0835397;2;15;0.5;10;0;0.25;10
C(50);50;50;13944;13832;0.093344;2;15;0.5;10;0;0.25;10
C(50);50;50;13936;13832;0.087359;2;15;0.5;10;0;0.25;10
C(50);50;50;13936;13836;0.0859234;2;15;0.5;10;0;0.25;10
C(50);50;50;13916;13836;0.0897076;2;15;0.5;10;0;0.25;10
C(50);50;50;13944;13840;0.0885654;2;15;0.5;10;0;0.25;10
C(50);50;50;13900;13828;0.0945313;2;15;0.5;10;0;0.25;10
C(50);50;50;13908;13836;0.0890097;2;15;0.5;10;0;0.25;10
C(50);50;50;13888;13836;0.0899646;2;15;0.5;10;0;0.25;10
C(50);50;50;13908;13832;0.0905521;2;15;0.5;10;0;0.25;10
C(50);50;50;14024;13832;0.0922146;2;15;0.5;10;0;0.25;10
C(50);50;50;13908;13836;0.0890306;2;15;0.5;10;0;0.25;10
C(50);50;50;13912;13832;0.0929277;2;15;0.5;10;0;0.25;10
C(70);70;70;39492;39324;0.467779;3;30;0.5;10;0;0.25;20
C(70);70;70;39380;39316;0.47819;3;30;0.5;10;0;0.25;20
C(70);70;70;39460;39312;0.475687;3;30;0.5;10;0;0.25;20
C(70);70;70;39492;39316;0.463629;3;30;0.5;10;0;0.25;20
C(70);70;70;39548;39316;0.494893;3;30;0.5;10;0;0.25;20
C(70);70;70;39356;39316;0.479261;3;30;0.5;10;0;0.25;20
C(70);70;70;39372;39320;0.451454;3;30;0.5;10;0;0.25;20
C(70);70;70;39468;39312;0.480128;3;30;0.5;10;0;0.25;20
C(70);70;70;39460;39316;0.497203;3;30;0.5;10;0;0.25;20
C(70);70;70;39340;39316;0.469621;3;30;0.5;10;0;0.25;20
C(70);70;70;39432;39316;0.467833;3;30;0.5;10;0;0.25;20
C(70);70;70;39444;39312;0.474241;3;30;0.5;10;0;0.25;20
C(70);70;70;39364;39312;0.465448;3;30;0.5;10;0;0.25;20
C(70);70;70;39488;39316;0.472377;3;30;0.5;10;0;0.25;20
C(70);70;70;39392;39316;0.439775;3;30;0.5;10;0;0.25;20
C(70);70;70;39440;39312;0.463823;3;30;0.5;10;0;0.25;20
C(70);70;70;39488;39316;0.461268;3;30;0.5;10;0;0.25;20
C(70);70;70;39548;39316;0.501767;3;30;0.5;10;0;0.25;20
C(70);70;70;39544;39312;0.474397;3;30;0.5;10;0;0.25;20
C(70);70;70;39544;39316;0.484208;3;30;0.5;10;0;0.25;20
C(70);70;70;39428;39312;0.46408;3;30;0.5;10;0;0.25;20
C(70);70;70;39392;39316;0.492414;3;30;0.5;10;0;0.25;20
C(70);70;70;39428;39316;0.46623;3;30;0.5;10;0;0.25;20
C(70);70;70;39620;39312;0.577331;3;30;0.5;10;0;0.25;20
C(70);70;70;39516;39320;0.480717;3;30;0.5;10;0;0.25;20
C(70);70;70;39444;39308;0.480092;3;30;0.5;10;0;0.25;20
C(70);70;70;39396;39312;0.464288;3;30;0.5;10;0;0.25;20
C(70);70;70;39424;39312;0.487887;3;30;0.5;10;0;0.25;20
C(70);70;70;39376;39316;0.4884;3;30;0.5;10;0;0.25;20
C(70);70;70;39368;39320;0.470558;3;30;0.5;10;0;0.25;20
C(70);70;70;39528;39320;0.491243;3;30;0.5;10;0;0.25;20
C(70);70;70;39500;39316;0.466289;3;30;0.5;10;0;0.25;20
C(70);70;70;39524;39320;0.467783;3;30;0.5;10;0;0.25;20
C(70);70;70;39424;39316;0.471287;3;30;0.5;10;0;0.25;20
C(70);70;70;39460;39316;0.471087;3;30;0.5;10;0;0.25;20
C(70);70;70;39504;39328;0.466906;3;30;0.5;10;0;0.25;20
C(70);70;70;39336;39320;0.468296;3;30;0.5;10;0;0.25;20
C(70);70;70;39552;39320;0.494562;3;30;0.5;10;0;0.25;20
C(70);70;70;39428;39312;0.470579;3;30;0.5;10;0;0.25;20
C(70);70;70;39496;39312;0.496045;3;30;0.5;10;0;0.25;20
C(70);70;70;39368;39316;0.494871;3;30;0.5;10;0;0.25;20
C(70);70;70;39440;39320;0.466493;3;30;0.5;10;0;0.25;20
C(70);70;70;39364;39312;0.445319;3;30;0.5;10;0;0.25;20
C(70);70;70;39456;39308;0.441748;3;30;0.5;10;0;0.25;20
C(70);70;70;39452;39316;0.460301;3;30;0.5;10;0;0.25;20
C(70);70;70;39428;39312;0.445871;3;30;0.5;10;0;0.25;20
C(70);70;70;39504;39316;0.474132;3;30;0.5;10;0;0.25;20
C(70);70;70;39448;39312;0.435562;3;30;0.5;10;0;0.25;20
C(70);70;70;39376;39316;0.478285;3;30;0.5;10;0;0.25;20
C(70);70;70;39520;39312;0.47629;3;30;0.5;10;0;0.25;20
C(100);100;100;117886;117666;0.35885;5;20;0.7;10;0;0.25;5
C(100);100;100;117786;117670;0.458458;5;20;0.7;10;0;0.25;5
C(100);100;100;118194;117686;0.416353;5;20;0.7;10;0;0.25;5
C(100);100;100;118058;117678;0.377785;5;20;0.7;10;0;0.25;5
C(100);100;100;117994;117686;0.406918;5;20;0.7;10;0;0.25;5
C(100);100;100;118098;117670;0.45765;5;20;0.7;10;0;0.25;5
C(100);100;100;117914;117690;0.465811;5;20;0.7;10;0;0.25;5
C(100);100;100;117802;117690;0.461844;5;20;0.7;10;0;0.25;5
C(100);100;100;117958;117682;0.395012;5;20;0.7;10;0;0.25;5
C(100);100;100;118066;117682;0.409811;5;20;0.7;10;0;0.25;5
C(300);300;300;3308618;3308022;45.8906;10;70;0.7;10;0;0.25;5
C(300);300;300;3309074;3308022;46.4795;10;70;0.7;10;0;0.25;5
C(300);300;300;3309274;3308042;45.2963;10;70;0.7;10;0;0.25;5
C(300);300;300;3308886;3308042;45.8902;10;70;0.7;10;0;0.25;5
C(300);300;300;3309018;3308022;51.7792;10;70;0.7;10;0;0.25;5
C(300);300;300;3309618;3308022;39.802;10;70;0.7;10;0;0.25;5
C(300);300;300;3309802;3308010;47.7717;10;70;0.7;10;0;0.25;5
C(300);300;300;3308442;3308014;42.4845;10;70;0.7;10;0;0.25;5
C(300);300;300;3309322;3308022;42.1922;10;70;0.7;10;0;0.25;5
C(300);300;300;3309006;3308038;48.1552;10;70;0.7;10;0;0.25;5
C(500);500;500;15441242;15438418;105.362;10;300;0.8;10;0;0.5;5
C(500);500;500;15440762;15438434;100.371;10;300;0.8;10;0;0.5;5
C(500);500;500;15439042;15438534;95.8106;10;300;0.8;10;0;0.5;5
C(500);500;500;15439566;15438406;95.3502;10;300;0.8;10;0;0.5;5
C(500);500;500;15441678;15438458;97.5069;10;300;0.8;10;0;0.5;5
C(700);700;700;42515286;42508742;293.501;20;500;0.8;10;0;0.5;3
C(700);700;700;42512214;42508798;199.666;20;500;0.8;10;0;0.5;3
C(700);700;700;42509650;42508874;266.95;20;500;0.8;10;0;0.5;3
C(700);700;700;42512162;42508918;327.368;20;500;0.8;10;0;0.5;3
C(700);700;700;42512018;42508834;254.474;20;500;0.8;10;0;0.5;3
Q(4);16;32;62;50;0.0059805;1;5;0.6;10;0;0.25;20
Q(4);16;32;74;50;0.0059018;1;5;0.6;10;0;0.25;20
Q(4);16;32;62;50;0.0057215;1;5;0.6;10;0;0.25;20
Q(4);16;32;74;48;0.0059648;1;5;0.6;10;0;0.25;20
Q(4);16;32;60;50;0.0060753;1;5;0.6;10;0;0.25;20
Q(4);16;32;58;50;0.005779;1;5;0.6;10;0;0.25;20
Q(4);16;32;66;50;0.0064197;1;5;0.6;10;0;0.25;20
Q(4);16;32;64;50;0.0059063;1;5;0.6;10;0;0.25;20
Q(4);16;32;70;50;0.0058469;1;5;0.6;10;0;0.25;20
Q(4);16;32;60;48;0.0059581;1;5;0.6;10;0;0.25;20
Q(4);16;32;62;50;0.0058515;1;5;0.6;10;0;0.25;20
Q(4);16;32;52;50;0.0058688;1;5;0.6;10;0;0.25;20
Q(4);16;32;66;50;0.0063451;1;5;0.6;10;0;0.25;20
Q(4);16;32;74;50;0.0060091;1;5;0.6;10;0;0.25;20
Q(4);16;32;62;50;0.0064254;1;5;0.6;10;0;0.25;20
Q(4);16;32;64;50;0.005908;1;5;0.6;10;0;0.25;20
Q(4);16;32;72;50;0.0059044;1;5;0.6;10;0;0.25;20
Q(4);16;32;68;48;0.0058731;1;5;0.6;10;0;0.25;20
Q(4);16;32;60;50;0.0058898;1;5;0.6;10;0;0.25;20
Q(4);16;32;74;50;0.0058814;1;5;0.6;10;0;0.25;20
Q(4);16;32;68;50;0.0062737;1;5;0.6;10;0;0.25;20
Q(4);16;32;66;50;0.0057247;1;5;0.6;10;0;0.25;20
Q(4);16;32;64;50;0.0060046;1;5;0.6;10;0;0.25;20
Q(4);16;32;60;50;0.0057037;1;5;0.6;10;0;0.25;20
Q(4);16;32;66;50;0.0055614;1;5;0.6;10;0;0.25;20
Q(4);16;32;74;48;0.0060028;1;5;0.6;10;0;0.25;20
Q(4);16;32;64;50;0.005798;1;5;0.6;10;0;0.25;20
Q(4);16;32;66;50;0.0056567;1;5;0.6;10;0;0.25;20
Q(4);16;32;62;50;0.0060484;1;5;0.6;10;0;0.25;20
Q(4);16;32;66;50;0.0060105;1;5;0.6;10;0;0.25;20
Q(4);16;32;60;50;0.0056862;1;5;0.6;10;0;0.25;20
Q(4);16;32;76;50;0.0065181;1;5;0.6;10;0;0.25;20
Q(4);16;32;62;52;0.0058975;1;5;0.6;10;0;0.25;20
Q(4);16;32;70;50;0.0062263;1;5;0.6;10;0;0.25;20
Q(4);16;32;58;50;0.0058285;1;5;0.6;10;0;0.25;20
Q(4);16;32;62;50;0.0056679;1;5;0.6;10;0;0.25;20
Q(4);16;32;62;50;0.0060736;1;5;0.6;10;0;0.25;20
Q(4);16;32;62;50;0.0056729;1;5;0.6;10;0;0.25;20
Q(4);16;32;58;52;0.0058444;1;5;0.6;10;0;0.25;20
Q(4);16;32;74;50;0.0059424;1;5;0.6;10;0;0.25;20
Q(4);16;32;62;50;0.0057931;1;5;0.6;10;0;0.25;20
Q(4);16;32;62;50;0.0060951;1;5;0.6;10;0;0.25;20
Q(4);16;32;68;50;0.005708;1;5;0.6;10;0;0.25;20
Q(4);16;32;66;48;0.0057579;1;5;0.6;10;0;0.25;20
Q(4);16;32;68;50;0.0060434;1;5;0.6;10;0;0.25;20
Q(4);16;32;78;50;0.0057481;1;5;0.6;10;0;0.25;20
Q(4);16;32;66;50;0.0056919;1;5;0.6;10;0;0.25;20
Q(4);16;32;62;50;0.0064473;1;5;0.6;10;0;0.25;20
Q(4);16;32;58;50;0.0058803;1;5;0.6;10;0;0.25;20
Q(4);16;32;68;50;0.0056651;1;5;0.6;10;0;0.25;20
Q(5);32;80;238;190;0.0506738;2;15;0.6;10;0;0.25;30
Q(5);32;80;226;192;0.0494778;2;15;0.6;10;0;0.25;30
Q(5);32;80;218;190;0.0520663;2;15;0.6;10;0;0.25;30
Q(5);32;80;236;194;0.0483854;2;15;0.6;10;0;0.25;30
Q(5);32;80;234;188;0.0462732;2;15;0.6;10;0;0.25;30
Q(5);32;80;230;190;0.0488031;2;15;0.6;10;0;0.25;30
Q(5);32;80;222;190;0.0483182;2;15;0.6;10;0;0.25;30
Q(5);32;80;234;190;0.0471786;2;15;0.6;10;0;0.25;30
Q(5);32;80;230;188;0.0465371;2;15;0.6;10;0;0.25;30
Q(5);32;80;228;192;0.0479544;2;15;0.6;10;0;0.25;30
Q(5);32;80;226;190;0.0480722;2;15;0.6;10;0;0.25;30
Q(5);32;80;230;188;0.0482613;2;15;0.6;10;0;0.25;30
Q(5);32;80;238;190;0.0491551;2;15;0.6;10;0;0.25;30
Q(5);32;80;252;188;0.0491799;2;15;0.6;10;0;0.25;30
Q(5);32;80;224;190;0.0503388;2;15;0.6;10;0;0.25;30
Q(5);32;80;248;192;0.0477387;2;15;0.6;10;0;0.25;30
Q(5);32;80;234;190;0.0477942;2;15;0.6;10;0;0.25;30
Q(5);32;80;234;190;0.0483303;2;15;0.6;10;0;0.25;30
Q(5);32;80;224;188;0.0475571;2;15;0.6;10;0;0.25;30
Q(5);32;80;236;192;0.0501354;2;15;0.6;10;0;0.25;30
Q(5);32;80;236;190;0.0493358;2;15;0.6;10;0;0.25;30
Q(5);32;80;222;190;0.0470877;2;15;0.6;10;0;0.25;30
Q(5);32;80;234;190;0.048051;2;15;0.6;10;0;0.25;30
Q(5);32;80;228;192;0.047305;2;15;0.6;10;0;0.25;30
Q(5);32;80;236;192;0.0490903;2;15;0.6;10;0;0.25;30
Q(5);32;80;242;190;0.0488762;2;15;0.6;10;0;0.25;30
Q(5);32;80;248;192;0.0469227;2;15;0.6;10;0;0.25;30
Q(5);32;80;228;190;0.0512014;2;15;0.6;10;0;0.25;30
Q(5);32;80;240;188;0.048683;2;15;0.6;10;0;0.25;30
Q(5);32;80;222;194;0.0491695;2;15;0.6;10;0;0.25;30
Q(5);32;80;232;188;0.0493752;2;15;0.6;10;0;0.25;30
Q(5);32;80;222;190;0.0486593;2;15;0.6;10;0;0.25;30
Q(5);32;80;240;192;0.0495654;2;15;0.6;10;0;0.25;30
Q(5);32;80;230;190;0.0485578;2;15;0.6;10;0;0.25;30
Q(5);32;80;244;190;0.0481058;2;15;0.6;10;0;0.25;30
Q(5);32;80;224;194;0.0473215;2;15;0.6;10;0;0.25;30
Q(5);32;80;234;192;0.0477381;2;15;0.6;10;0;0.25;30
Q(5);32;80;220;188;0.0471775;2;15;0.6;10;0;0.25;30
Q(5);32;80;228;190;0.0472231;2;15;0.6;10;0;0.25;30
Q(5);32;80;234;190;0.0497798;2;15;0.6;10;0;0.25;30
Q(5);32;80;230;190;0.0461725;2;15;0.6;10;0;0.25;30
Q(5);32;80;224;192;0.0489471;2;15;0.6;10;0;0.25;30
Q(5);32;80;218;190;0.0462228;2;15;0.6;10;0;0.25;30
Q(5);32;80;226;192;0.0493316;2;15;0.6;10;0;0.25;30
Q(5);32;80;218;190;0.0491121;2;15;0.6;10;0;0.25;30
Q(5);32;80;230;190;0.0487351;2;15;0.6;10;0;0.25;30
Q(5);32;80;222;190;0.0485846;2;15;0.6;10;0;0.25;30
Q(5);32;80;242;190;0.0472995;2;15;0.6;10;0;0.25;30
Q(5);32;80;240;190;0.049417;2;15;0.6;10;0;0.25;30
Q(5);32;80;226;192;0.0488902;2;15;0.6;10;0;0.25;30
Q(6);64;192;752;618;0.314337;3;25;0.6;10;0;0.25;40
Q(6);64;192;706;620;0.331211;3;25;0.6;10;0;0.25;40
Q(6);64;192;708;620;0.308924;3;25;0.6;10;0;0.25;40
Q(6);64;192;720;614;0.308838;3;25;0.6;10;0;0.25;40
Q(6);64;192;722;618;0.311237;3;25;0.6;10;0;0.25;40
Q(6);64;192;738;618;0.304461;3;25;0.6;10;0;0.25;40
Q(6);64;192;746;616;0.310491;3;25;0.6;10;0;0.25;40
Q(6);64;192;708;616;0.29553;3;25;0.6;10;0;0.25;40
Q(6);64;192;714;618;0.28801;3;25;0.6;10;0;0.25;40
Q(6);64;192;702;614;0.284983;3;25;0.6;10;0;0.25;40
Q(6);64;192;724;620;0.294466;3;25;0.6;10;0;0.25;40
Q(6);64;192;722;622;0.293092;3;25;0.6;10;0;0.25;40
Q(6);64;192;716;628;0.300648;3;25;0.6;10;0;0.25;40
Q(6);64;192;722;614;0.29447;3;25;0.6;10;0;0.25;40
Q(6);64;192;694;630;0.300184;3;25;0.6;10;0;0.25;40
Q(6);64;192;700;628;0.291533;3;25;0.6;10;0;0.25;40
Q(6);64;192;730;616;0.299095;3;25;0.6;10;0;0.25;40
Q(6);64;192;720;620;0.298038;3;25;0.6;10;0;0.25;40
Q(6);64;192;744;614;0.306906;3;25;0.6;10;0;0.25;40
Q(6);64;192;730;618;0.31119;3;25;0.6;10;0;0.25;40
Q(6);64;192;754;614;0.303852;3;25;0.6;10;0;0.25;40
Q(6);64;192;730;618;0.301768;3;25;0.6;10;0;0.25;40
Q(6);64;192;696;616;0.310817;3;25;0.6;10;0;0.25;40
Q(6);64;192;706;618;0.304343;3;25;0.6;10;0;0.25;40
Q(6);64;192;730;618;0.306741;3;25;0.6;10;0;0.25;40
Q(6);64;192;688;614;0.291496;3;25;0.6;10;0;0.25;40
Q(6);64;192;692;628;0.294199;3;25;0.6;10;0;0.25;40
Q(6);64;192;704;626;0.3057;3;25;0.6;10;0;0.25;40
Q(6);64;192;726;620;0.290835;3;25;0.6;10;0;0.25;40
Q(6);64;192;706;628;0.285021;3;25;0.6;10;0;0.25;40
Q(6);64;192;710;620;0.311311;3;25;0.6;10;0;0.25;40
Q(6);64;192;714;622;0.292199;3;25;0.6;10;0;0.25;40
Q(6);64;192;714;620;0.290633;3;25;0.6;10;0;0.25;40
Q(6);64;192;690;620;0.302349;3;25;0.6;10;0;0.25;40
Q(6);64;192;742;620;0.307556;3;25;0.6;10;0;0.25;40
Q(6);64;192;718;616;0.312261;3;25;0.6;10;0;0.25;40
Q(6);64;192;738;616;0.310154;3;25;0.6;10;0;0.25;40
Q(6);64;192;744;620;0.311182;3;25;0.6;10;0;0.25;40
Q(6);64;192;730;612;0.299751;3;25;0.6;10;0;0.25;40
Q(6);64;192;768;614;0.3076;3;25;0.6;10;0;0.25;40
Q(6);64;192;714;616;0.2979;3;25;0.6;10;0;0.25;40
Q(6);64;192;728;622;0.292748;3;25;0.6;10;0;0.25;40
Q(6);64;192;722;618;0.291671;3;25;0.6;10;0;0.25;40
Q(6);64;192;734;620;0.295479;3;25;0.6;10;0;0.25;40
Q(6);64;192;706;618;0.298534;3;25;0.6;10;0;0.25;40
Q(6);64;192;704;628;0.293194;3;25;0.6;10;0;0.25;40
Q(6);64;192;688;620;0.297041;3;25;0.6;10;0;0.25;40
Q(6);64;192;738;614;0.303494;3;25;0.6;10;0;0.25;40
Q(6);64;192;710;618;0.30015;3;25;0.6;10;0;0.25;40
Q(6);64;192;724;616;0.288733;3;25;0.6;10;0;0.25;40
Q(7);128;448;2046;1910;1.77135;5;60;0.6;10;0;0.25;50
Q(7);128;448;2104;1898;1.68982;5;60;0.6;10;0;0.25;50
Q(7);128;448;2036;1906;1.68648;5;60;0.6;10;0;0.25;50
Q(7);128;448;2116;1882;1.75001;5;60;0.6;10;0;0.25;50
Q(7);128;448;2076;1908;1.71092;5;60;0.6;10;0;0.25;50
Q(7);128;448;2052;1894;1.71001;5;60;0.6;10;0;0.25;50
Q(7);128;448;2080;1900;1.72616;5;60;0.6;10;0;0.25;50
Q(7);128;448;2038;1876;1.69406;5;60;0.6;10;0;0.25;50
Q(7);128;448;2058;1904;1.70053;5;60;0.6;10;0;0.25;50
Q(7);128;448;2038;1896;1.72138;5;60;0.6;10;0;0.25;50
Q(7);128;448;2064;1896;1.7013;5;60;0.6;10;0;0.25;50
Q(7);128;448;2056;1900;1.71663;5;60;0.6;10;0;0.25;50
Q(7);128;448;2056;1900;1.78387;5;60;0.6;10;0;0.25;50
Q(7);128;448;2048;1890;1.65215;5;60;0.6;10;0;0.25;50
Q(7);128;448;2064;1898;1.69329;5;60;0.6;10;0;0.25;50
Q(7);128;448;2100;1894;1.74126;5;60;0.6;10;0;0.25;50
Q(7);128;448;2048;1890;1.7129;5;60;0.6;10;0;0.25;50
Q(7);128;448;2068;1912;1.7112;5;60;0.6;10;0;0.25;50
Q(7);128;448;2098;1888;1.6875;5;60;0.6;10;0;0.25;50
Q(7);128;448;2044;1896;1.71643;5;60;0.6;10;0;0.25;50
Q(7);128;448;2070;1894;1.7146;5;60;0.6;10;0;0.25;50
Q(7);128;448;2164;1876;1.71329;5;60;0.6;10;0;0.25;50
Q(7);128;448;2078;1904;1.74404;5;60;0.6;10;0;0.25;50
Q(7);128;448;2064;1890;1.9321;5;60;0.6;10;0;0.25;50
Q(7);128;448;2090;1900;1.83427;5;60;0.6;10;0;0.25;50
Q(7);128;448;2072;1910;1.68623;5;60;0.6;10;0;0.25;50
Q(7);128;448;2080;1888;1.77938;5;60;0.6;10;0;0.25;50
Q(7);128;448;2088;1916;1.69964;5;60;0.6;10;0;0.25;50
Q(7);128;448;2062;1880;1.67815;5;60;0.6;10;0;0.25;50
Q(7);128;448;2030;1902;1.78569;5;60;0.6;10;0;0.25;50
Q(7);128;448;2086;1894;1.69263;5;60;0.6;10;0;0.25;50
Q(7);128;448;2030;1886;1.68276;5;60;0.6;10;0;0.25;50
Q(7);128;448;2136;1860;1.76453;5;60;0.6;10;0;0.25;50
Q(7);128;448;2112;1884;1.71518;5;60;0.6;10;0;0.25;50
Q(7);128;448;2080;1896;1.75118;5;60;0.6;10;0;0.25;50
Q(7);128;448;2052;1896;1.77244;5;60;0.6;10;0;0.25;50
Q(7);128;448;2092;1882;1.68044;5;60;0.6;10;0;0.25;50
Q(7);128;448;2028;1880;1.67382;5;60;0.6;10;0;0.25;50
Q(7);128;448;2060;1860;1.72309;5;60;0.6;10;0;0.25;50
Q(7);128;448;2078;1868;1.68559;5;60;0.6;10;0;0.25;50
Q(7);128;448;2084;1870;1.67697;5;60;0.6;10;0;0.25;50
Q(7);128;448;2066;1882;1.72982;5;60;0.6;10;0;0.25;50
Q(7);128;448;2070;1900;1.67236;5;60;0.6;10;0;0.25;50
Q(7);128;448;2054;1864;1.66832;5;60;0.6;10;0;0.25;50
Q(7);128;448;2028;1906;1.72169;5;60;0.6;10;0;0.25;50
Q(7);128;448;2066;1896;1.70855;5;60;0.6;10;0;0.25;50
Q(7);128;448;2038;1914;1.68478;5;60;0.6;10;0;0.25;50
Q(7);128;448;2074;1894;1.72461;5;60;0.6;10;0;0.25;50
Q(7);128;448;2104;1892;1.64856;5;60;0.6;10;0;0.25;50
Q(7);128;448;2050;1884;1.7339;5;60;0.6;10;0;0.25;50
Q(8);256;1024;5620;5232;8.23114;8;100;0.8;10;0;0.2;50
Q(8);256;1024;5614;5226;7.85307;8;100;0.8;10;0;0.2;50
Q(8);256;1024;5690;5204;7.70658;8;100;0.8;10;0;0.2;50
Q(8);256;1024;5664;5236;7.65591;8;100;0.8;10;0;0.2;50
Q(8);256;1024;5674;5212;7.88545;8;100;0.8;10;0;0.2;50
Q(8);256;1024;5680;5208;7.91375;8;100;0.8;10;0;0.2;50
Q(8);256;1024;5638;5234;8.20275;8;100;0.8;10;0;0.2;50
Q(8);256;1024;5588;5214;7.86033;8;100;0.8;10;0;0.2;50
Q(8);256;1024;5646;5222;8.10286;8;100;0.8;10;0;0.2;50
Q(8);256;1024;5678;5244;7.98567;8;100;0.8;10;0;0.2;50
Q(9);512;2304;14828;14316;39.4126;15;200;0.8;10;0;0.2;35
Q(9);512;2304;14734;14238;39.5104;15;200;0.8;10;0;0.2;35
Q(9);512;2304;14942;14298;42.1744;15;200;0.8;10;0;0.2;35
Q(9);512;2304;14828;14282;39.704;15;200;0.8;10;0;0.2;35
Q(9);512;2304;14854;14228;40.3701;15;200;0.8;10;0;0.2;35
Q(9);512;2304;14820;14238;39.6392;15;200;0.8;10;0;0.2;35
Q(9);512;2304;14848;14282;41.3887;15;200;0.8;10;0;0.2;35
Q(9);512;2304;14832;14316;40.0834;15;200;0.8;10;0;0.2;35
Q(9);512;2304;14794;14262;40.1098;15;200;0.8;10;0;0.2;35
Q(9);512;2304;14846;14302;39.9594;15;200;0.8;10;0;0.2;35
Q(10);1024;5120;37644;36230;19.0902;50;130;0.99;10;0;0.5;10
Q(10);1024;5120;37704;36238;19.0958;50;130;0.99;10;0;0.5;10
Q(10);1024;5120;37778;36218;19.1054;50;130;0.99;10;0;0.5;10
Q(10);1024;5120;37658;36234;19.4101;50;130;0.99;10;0;0.5;10
Q(10);1024;5120;37630;36224;20.276;50;130;0.99;10;0;0.5;10
Q(11);2048;11264;93646;92202;63.3532;100;500;0.99;10;0;1;5
Q(11);2048;11264;93556;92078;61.2696;100;500;0.99;10;0;1;5
Q(11);2048;11264;93476;90864;67.5922;100;500;0.99;10;0;1;5
Q(11);2048;11264;93516;90904;61.4154;100;500;0.99;10;0;1;5
Q(11);2048;11264;93626;92064;66.1861;100;500;0.99;10;0;1;5
Q(12);4096;24576;227938;226106;183.271;1000;1500;0.99;10;0;1;1
Q(12);4096;24576;227740;226212;206.334;1000;1500;0.99;10;0;1;1
Q(12);4096;24576;227934;226358;195.752;1000;1500;0.99;10;0;1;1
B(2,4);16;29;82;62;0.0062116;1;10;0.6;10;0;0.25;20
B(2,4);16;29;82;60;0.0065726;1;10;0.6;10;0;0.25;20
B(2,4);16;29;76;60;0.0057521;1;10;0.6;10;0;0.25;20
B(2,4);16;29;78;62;0.0059471;1;10;0.6;10;0;0.25;20
B(2,4);16;29;88;60;0.0062432;1;10;0.6;10;0;0.25;20
B(2,4);16;29;94;64;0.0054597;1;10;0.6;10;0;0.25;20
B(2,4);16;29;78;58;0.0063837;1;10;0.6;10;0;0.25;20
B(2,4);16;29;78;60;0.0059146;1;10;0.6;10;0;0.25;20
B(2,4);16;29;78;58;0.0071677;1;10;0.6;10;0;0.25;20
B(2,4);16;29;82;60;0.0069199;1;10;0.6;10;0;0.25;20
B(2,4);16;29;82;60;0.0057248;1;10;0.6;10;0;0.25;20
B(2,4);16;29;76;66;0.0063481;1;10;0.6;10;0;0.25;20
B(2,4);16;29;94;60;0.0059256;1;10;0.6;10;0;0.25;20
B(2,4);16;29;76;60;0.0063239;1;10;0.6;10;0;0.25;20
B(2,4);16;29;76;64;0.0055436;1;10;0.6;10;0;0.25;20
B(2,4);16;29;76;58;0.0206111;1;10;0.6;10;0;0.25;20
B(2,4);16;29;78;58;0.0065443;1;10;0.6;10;0;0.25;20
B(2,4);16;29;68;60;0.0068601;1;10;0.6;10;0;0.25;20
B(2,4);16;29;74;60;0.0057338;1;10;0.6;10;0;0.25;20
B(2,4);16;29;84;64;0.0056488;1;10;0.6;10;0;0.25;20
B(2,4);16;29;76;58;0.0064146;1;10;0.6;10;0;0.25;20
B(2,4);16;29;78;60;0.0059562;1;10;0.6;10;0;0.25;20
B(2,4);16;29;78;64;0.0056182;1;10;0.6;10;0;0.25;20
B(2,4);16;29;74;58;0.0061577;1;10;0.6;10;0;0.25;20
B(2,4);16;29;82;60;0.0060003;1;10;0.6;10;0;0.25;20
B(2,4);16;29;72;60;0.0065399;1;10;0.6;10;0;0.25;20
B(2,4);16;29;78;60;0.0058698;1;10;0.6;10;0;0.25;20
B(2,4);16;29;70;60;0.0059114;1;10;0.6;10;0;0.25;20
B(2,4);16;29;74;60;0.0063481;1;10;0.6;10;0;0.25;20
B(2,4);16;29;80;60;0.0058642;1;10;0.6;10;0;0.25;20
B(2,4);16;29;82;58;0.0058843;1;10;0.6;10;0;0.25;20
B(2,4);16;29;78;58;0.0069771;1;10;0.6;10;0;0.25;20
B(2,4);16;29;90;60;0.0060018;1;10;0.6;10;0;0.25;20
B(2,4);16;29;80;60;0.0067266;1;10;0.6;10;0;0.25;20
B(2,4);16;29;74;60;0.0058074;1;10;0.6;10;0;0.25;20
B(2,4);16;29;86;62;0.0055717;1;10;0.6;10;0;0.25;20
B(2,4);16;29;88;60;0.0065549;1;10;0.6;10;0;0.25;20
B(2,4);16;29;80;60;0.0059753;1;10;0.6;10;0;0.25;20
B(2,4);16;29;76;58;0.0060411;1;10;0.6;10;0;0.25;20
B(2,4);16;29;80;60;0.0061418;1;10;0.6;10;0;0.25;20
B(2,4);16;29;76;60;0.0059892;1;10;0.6;10;0;0.25;20
B(2,4);16;29;80;58;0.0061038;1;10;0.6;10;0;0.25;20
B(2,4);16;29;86;60;0.0060701;1;10;0.6;10;0;0.25;20
B(2,4);16;29;78;60;0.0059495;1;10;0.6;10;0;0.25;20
B(2,4);16;29;88;58;0.0061234;1;10;0.6;10;0;0.25;20
B(2,4);16;29;88;60;0.0060398;1;10;0.6;10;0;0.25;20
B(2,4);16;29;68;60;0.0062362;1;10;0.6;10;0;0.25;20
B(2,4);16;29;72;58;0.0060375;1;10;0.6;10;0;0.25;20
B(2,4);16;29;82;60;0.0059833;1;10;0.6;10;0;0.25;20
B(2,4);16;29;72;60;0.0061283;1;10;0.6;10;0;0.25;20
B(2,5);32;61;284;252;0.0872162;2;50;0.6;10;0;0.25;50
B(2,5);32;61;288;254;0.0874583;2;50;0.6;10;0;0.25;50
B(2,5);32;61;282;256;0.0869857;2;50;0.6;10;0;0.25;50
B(2,5);32;61;302;254;0.0883972;2;50;0.6;10;0;0.25;50
B(2,5);32;61;290;256;0.0882318;2;50;0.6;10;0;0.25;50
B(2,5);32;61;300;252;0.0887821;2;50;0.6;10;0;0.25;50
B(2,5);32;61;292;248;0.0870857;2;50;0.6;10;0;0.25;50
B(2,5);32;61;294;252;0.0860925;2;50;0.6;10;0;0.25;50
B(2,5);32;61;290;252;0.0836638;2;50;0.6;10;0;0.25;50
B(2,5);32;61;286;252;0.0865274;2;50;0.6;10;0;0.25;50
B(2,5);32;61;292;252;0.0884718;2;50;0.6;10;0;0.25;50
B(2,5);32;61;280;252;0.086654;2;50;0.6;10;0;0.25;50
B(2,5);32;61;302;256;0.084736;2;50;0.6;10;0;0.25;50
B(2,5);32;61;292;256;0.0859765;2;50;0.6;10;0;0.25;50
B(2,5);32;61;294;252;0.0858413;2;50;0.6;10;0;0.25;50
B(2,5);32;61;294;252;0.0848519;2;50;0.6;10;0;0.25;50
B(2,5);32;61;288;256;0.0842906;2;50;0.6;10;0;0.25;50
B(2,5);32;61;292;254;0.0856755;2;50;0.6;10;0;0.25;50
B(2,5);32;61;284;252;0.0881403;2;50;0.6;10;0;0.25;50
B(2,5);32;61;292;254;0.0881102;2;50;0.6;10;0;0.25;50
B(2,5);32;61;292;254;0.0882407;2;50;0.6;10;0;0.25;50
B(2,5);32;61;300;254;0.0872552;2;50;0.6;10;0;0.25;50
B(2,5);32;61;284;250;0.0960562;2;50;0.6;10;0;0.25;50
B(2,5);32;61;286;254;0.0835638;2;50;0.6;10;0;0.25;50
B(2,5);32;61;298;254;0.0829866;2;50;0.6;10;0;0.25;50
B(2,5);32;61;298;254;0.0809346;2;50;0.6;10;0;0.25;50
B(2,5);32;61;288;248;0.0842598;2;50;0.6;10;0;0.25;50
B(2,5);32;61;298;252;0.0820582;2;50;0.6;10;0;0.25;50
B(2,5);32;61;316;254;0.0812493;2;50;0.6;10;0;0.25;50
B(2,5);32;61;288;256;0.0807978;2;50;0.6;10;0;0.25;50
B(2,5);32;61;296;254;0.0830323;2;50;0.6;10;0;0.25;50
B(2,5);32;61;286;254;0.0825749;2;50;0.6;10;0;0.25;50
B(2,5);32;61;286;256;0.0816145;2;50;0.6;10;0;0.25;50
B(2,5);32;61;286;254;0.0844148;2;50;0.6;10;0;0.25;50
B(2,5);32;61;274;250;0.0824761;2;50;0.6;10;0;0.25;50
B(2,5);32;61;294;250;0.0833037;2;50;0.6;10;0;0.25;50
B(2,5);32;61;304;254;0.0933139;2;50;0.6;10;0;0.25;50
B(2,5);32;61;296;252;0.0893283;2;50;0.6;10;0;0.25;50
B(2,5);32;61;290;248;0.0857962;2;50;0.6;10;0;0.25;50
B(2,5);32;61;282;254;0.0818669;2;50;0.6;10;0;0.25;50
B(2,5);32;61;294;254;0.0824869;2;50;0.6;10;0;0.25;50
B(2,5);32;61;332;254;0.0837685;2;50;0.6;10;0;0.25;50
B(2,5);32;61;310;250;0.0807722;2;50;0.6;10;0;0.25;50
B(2,5);32;61;310;256;0.0827657;2;50;0.6;10;0;0.25;50
B(2,5);32;61;278;250;0.0816934;2;50;0.6;10;0;0.25;50
B(2,5);32;61;292;254;0.0837729;2;50;0.6;10;0;0.25;50
B(2,5);32;61;310;252;0.0855495;2;50;0.6;10;0;0.25;50
B(2,5);32;61;296;252;0.0855009;2;50;0.6;10;0;0.25;50
B(2,5);32;61;290;250;0.0817323;2;50;0.6;10;0;0.25;50
B(2,5);32;61;304;256;0.0847436;2;50;0.6;10;0;0.25;50
B(3,4);81;237;606;490;0.648429;3;100;0.6;10;0;0.25;70
B(3,4);81;237;594;488;0.637026;3;100;0.6;10;0;0.25;70
B(3,4);81;237;604;490;0.644007;3;100;0.6;10;0;0.25;70
B(3,4);81;237;590;486;0.63303;3;100;0.6;10;0;0.25;70
B(3,4);81;237;610;486;0.609891;3;100;0.6;10;0;0.25;70
B(3,4);81;237;618;492;0.603931;3;100;0.6;10;0;0.25;70
B(3,4);81;237;612;488;0.654793;3;100;0.6;10;0;0.25;70
B(3,4);81;237;604;492;0.623602;3;100;0.6;10;0;0.25;70
B(3,4);81;237;598;492;0.644943;3;100;0.6;10;0;0.25;70
B(3,4);81;237;626;490;0.635059;3;100;0.6;10;0;0.25;70
B(3,4);81;237;620;492;0.635985;3;100;0.6;10;0;0.25;70
B(3,4);81;237;626;488;0.627364;3;100;0.6;10;0;0.25;70
B(3,4);81;237;594;492;0.616646;3;100;0.6;10;0;0.25;70
B(3,4);81;237;596;488;0.613202;3;100;0.6;10;0;0.25;70
B(3,4);81;237;612;488;0.604201;3;100;0.6;10;0;0.25;70
B(3,4);81;237;590;490;0.612283;3;100;0.6;10;0;0.25;70
B(3,4);81;237;606;484;0.615669;3;100;0.6;10;0;0.25;70
B(3,4);81;237;598;488;0.632741;3;100;0.6;10;0;0.25;70
B(3,4);81;237;602;492;0.640403;3;100;0.6;10;0;0.25;70
B(3,4);81;237;582;486;0.63301;3;100;0.6;10;0;0.25;70
B(3,4);81;237;604;488;0.615276;3;100;0.6;10;0;0.25;70
B(3,4);81;237;592;488;0.608883;3;100;0.6;10;0;0.25;70
B(3,4);81;237;582;488;0.618807;3;100;0.6;10;0;0.25;70
B(3,4);81;237;604;490;0.604882;3;100;0.6;10;0;0.25;70
B(3,4);81;237;618;490;0.614468;3;100;0.6;10;0;0.25;70
B(3,4);81;237;616;486;0.643838;3;100;0.6;10;0;0.25;70
B(3,4);81;237;632;482;0.630807;3;100;0.6;10;0;0.25;70
B(3,4);81;237;606;484;0.631908;3;100;0.6;10;0;0.25;70
B(3,4);81;237;634;488;0.642871;3;100;0.6;10;0;0.25;70
B(3,4);81;237;600;486;0.606657;3;100;0.6;10;0;0.25;70
B(3,4);81;237;596;488;0.621754;3;100;0.6;10;0;0.25;70
B(3,4);81;237;606;484;0.609232;3;100;0.6;10;0;0.25;70
B(3,4);81;237;588;486;0.626883;3;100;0.6;10;0;0.25;70
B(3,4);81;237;618;490;0.644277;3;100;0.6;10;0;0.25;70
B(3,4);81;237;594;490;0.634183;3;100;0.6;10;0;0.25;70
B(3,4);81;237;610;488;0.632757;3;100;0.6;10;0;0.25;70
B(3,4);81;237;590;486;0.61541;3;100;0.6;10;0;0.25;70
B(3,4);81;237;592;488;0.598839;3;100;0.6;10;0;0.25;70
B(3,4);81;237;604;486;0.601382;3;100;0.6;10;0;0.25;70
B(3,4);81;237;616;492;0.614015;3;100;0.6;10;0;0.25;70
B(3,4);81;237;600;490;0.629194;3;100;0.6;10;0;0.25;70
B(3,4);81;237;614;486;0.64088;3;100;0.6;10;0;0.25;70
B(3,4);81;237;654;488;0.62992;3;100;0.6;10;0;0.25;70
B(3,4);81;237;598;492;0.636368;3;100;0.6;10;0;0.25;70
B(3,4);81;237;608;484;0.618243;3;100;0.6;10;0;0.25;70
B(3,4);81;237;608;480;0.604978;3;100;0.6;10;0;0.25;70
B(3,4);81;237;592;492;0.628414;3;100;0.6;10;0;0.25;70
B(3,4);81;237;628;484;0.610551;3;100;0.6;10;0;0.25;70
B(3,4);81;237;614;486;0.622693;3;100;0.6;10;0;0.25;70
B(3,4);81;237;622;480;0.627297;3;100;0.6;10;0;0.25;70
B(3,5);243;723;3358;2948;5.12898;15;130;0.8;10;0;0.25;40
B(3,5);243;723;3376;2966;5.19097;15;130;0.8;10;0;0.25;40
B(3,5);243;723;3350;2958;5.21377;15;130;0.8;10;0;0.25;40
B(3,5);243;723;3362;2950;5.23344;15;130;0.8;10;0;0.25;40
B(3,5);243;723;3382;2940;5.14331;15;130;0.8;10;0;0.25;40
B(3,5);243;723;3388;2940;5.19885;15;130;0.8;10;0;0.25;40
B(3,5);243;723;3358;2944;5.08205;15;130;0.8;10;0;0.25;40
B(3,5);243;723;3362;2942;5.0302;15;130;0.8;10;0;0.25;40
B(3,5);243;723;3336;2942;5.09717;15;130;0.8;10;0;0.25;40
B(3,5);243;723;3354;2944;5.09465;15;130;0.8;10;0;0.25;40
B(3,5);243;723;3338;2948;5.26463;15;130;0.8;10;0;0.25;40
B(3,5);243;723;3358;2952;5.17433;15;130;0.8;10;0;0.25;40
B(3,5);243;723;3356;2946;5.12122;15;130;0.8;10;0;0.25;40
B(3,5);243;723;3364;2956;5.18372;15;130;0.8;10;0;0.25;40
B(3,5);243;723;3378;2940;5.10241;15;130;0.8;10;0;0.25;40
B(3,5);243;723;3414;2944;5.16554;15;130;0.8;10;0;0.25;40
B(3,5);243;723;3372;2950;5.05432;15;130;0.8;10;0;0.25;40
B(3,5);243;723;3358;2936;5.14515;15;130;0.8;10;0;0.25;40
B(3,5);243;723;3414;2944;5.09391;15;130;0.8;10;0;0.25;40
B(3,5);243;723;3366;2970;5.20654;15;130;0.8;10;0;0.25;40
B(3,5);243;723;3350;2954;5.10775;15;130;0.8;10;0;0.25;40
B(3,5);243;723;3330;2934;5.55996;15;130;0.8;10;0;0.25;40
B(3,5);243;723;3412;2966;5.29013;15;130;0.8;10;0;0.25;40
B(3,5);243;723;3318;2944;5.211;15;130;0.8;10;0;0.25;40
B(3,5);243;723;3426;2950;5.16355;15;130;0.8;10;0;0.25;40
B(3,5);243;723;3354;2954;5.11776;15;130;0.8;10;0;0.25;40
B(3,5);243;723;3392;2962;5.1511;15;130;0.8;10;0;0.25;40
B(3,5);243;723;3378;2942;5.12679;15;130;0.8;10;0;0.25;40
B(3,5);243;723;3366;2942;5.05412;15;130;0.8;10;0;0.25;40
B(3,5);243;723;3352;2954;5.25361;15;130;0.8;10;0;0.25;40
B(4,4);256;1014;2202;1704;8.58761;25;300;0.8;10;0;0.25;50
B(4,4);256;1014;2214;1708;8.61276;25;300;0.8;10;0;0.25;50
B(4,4);256;1014;2284;1710;8.55363;25;300;0.8;10;0;0.25;50
B(4,4);256;1014;2234;1710;8.67466;25;300;0.8;10;0;0.25;50
B(4,4);256;1014;2244;1706;8.52498;25;300;0.8;10;0;0.25;50
B(4,4);256;1014;2218;1696;8.61629;25;300;0.8;10;0;0.25;50
B(4,4);256;1014;2286;1708;8.56464;25;300;0.8;10;0;0.25;50
B(4,4);256;1014;2242;1704;8.60072;25;300;0.8;10;0;0.25;50
B(4,4);256;1014;2272;1706;8.66928;25;300;0.8;10;0;0.25;50
B(4,4);256;1014;2290;1708;8.68651;25;300;0.8;10;0;0.25;50
B(4,4);256;1014;2278;1704;9.35356;25;300;0.8;10;0;0.25;50
B(4,4);256;1014;2242;1706;9.10277;25;300;0.8;10;0;0.25;50
B(4,4);256;1014;2244;1702;8.61788;25;300;0.8;10;0;0.25;50
B(4,4);256;1014;2202;1708;8.55175;25;300;0.8;10;0;0.25;50
B(4,4);256;1014;2240;1710;8.40273;25;300;0.8;10;0;0.25;50
B(4,4);256;1014;2218;1706;8.63018;25;300;0.8;10;0;0.25;50
B(4,4);256;1014;2222;1702;8.50782;25;300;0.8;10;0;0.25;50
B(4,4);256;1014;2250;1706;8.56281;25;300;0.8;10;0;0.25;50
B(4,4);256;1014;2232;1698;8.43862;25;300;0.8;10;0;0.25;50
B(4,4);256;1014;2238;1708;8.5916;25;300;0.8;10;0;0.25;50
B(4,4);256;1014;2246;1702;8.57417;25;300;0.8;10;0;0.25;50
B(4,4);256;1014;2232;1706;8.61822;25;300;0.8;10;0;0.25;50
B(4,4);256;1014;2290;1708;8.69636;25;300;0.8;10;0;0.25;50
B(4,4);256;1014;2244;1708;8.75963;25;300;0.8;10;0;0.25;50
B(4,4);256;1014;2326;1704;8.66932;25;300;0.8;10;0;0.25;50
B(4,4);256;1014;2244;1710;8.51519;25;300;0.8;10;0;0.25;50
B(4,4);256;1014;2214;1710;8.57944;25;300;0.8;10;0;0.25;50
B(4,4);256;1014;2282;1708;8.55015;25;300;0.8;10;0;0.25;50
B(4,4);256;1014;2202;1710;8.57413;25;300;0.8;10;0;0.25;50
B(4,4);256;1014;2226;1708;8.42059;25;300;0.8;10;0;0.25;50
B(7,3);343;2373;1430;1124;12.4983;30;350;0.9;10;0;0.25;50
B(7,3);343;2373;1436;1126;12.287;30;350;0.9;10;0;0.25;50
B(7,3);343;2373;1416;1124;12.211;30;350;0.9;10;0;0.25;50
B(7,3);343;2373;1482;1124;12.2149;30;350;0.9;10;0;0.25;50
B(7,3);343;2373;1456;1124;12.1486;30;350;0.9;10;0;0.25;50
B(7,3);343;2373;1440;1124;12.2621;30;350;0.9;10;0;0.25;50
B(7,3);343;2373;1428;1124;12.3167;30;350;0.9;10;0;0.25;50
B(7,3);343;2373;1446;1124;12.286;30;350;0.9;10;0;0.25;50
B(7,3);343;2373;1442;1124;12.2269;30;350;0.9;10;0;0.25;50
B(7,3);343;2373;1440;1126;12.2397;30;350;0.9;10;0;0.25;50
B(7,3);343;2373;1458;1124;12.2813;30;350;0.9;10;0;0.25;50
B(7,3);343;2373;1450;1124;12.2441;30;350;0.9;10;0;0.25;50
B(7,3);343;2373;1450;1124;12.3119;30;350;0.9;10;0;0.25;50
B(7,3);343;2373;1488;1124;12.2591;30;350;0.9;10;0;0.25;50
B(7,3);343;2373;1500;1124;12.1829;30;350;0.9;10;0;0.25;50
B(7,3);343;2373;1452;1126;12.3358;30;350;0.9;10;0;0.25;50
B(7,3);343;2373;1440;1124;12.3366;30;350;0.9;10;0;0.25;50
B(7,3);343;2373;1440;1124;12.255;30;350;0.9;10;0;0.25;50
B(7,3);343;2373;1456;1124;12.2518;30;350;0.9;10;0;0.25;50
B(7,3);343;2373;1482;1124;12.2398;30;350;0.9;10;0;0.25;50
B(7,3);343;2373;1432;1124;12.1537;30;350;0.9;10;0;0.25;50
B(7,3);343;2373;1476;1124;12.3785;30;350;0.9;10;0;0.25;50
B(7,3);343;2373;1472;1124;12.319;30;350;0.9;10;0;0.25;50
B(7,3);343;2373;1460;1124;12.4059;30;350;0.9;10;0;0.25;50
B(7,3);343;2373;1462;1126;12.2041;30;350;0.9;10;0;0.25;50
B(7,3);343;2373;1466;1124;12.0764;30;350;0.9;10;0;0.25;50
B(7,3);343;2373;1464;1124;12.349;30;350;0.9;10;0;0.25;50
B(7,3);343;2373;1460;1124;12.1466;30;350;0.9;10;0;0.25;50
B(7,3);343;2373;1452;1126;12.0943;30;350;0.9;10;0;0.25;50
B(7,3);343;2373;1444;1126;12.265;30;350;0.9;10;0;0.25;50
B(5,4);625;3110;5836;4676;57.4657;50;500;0.95;10;0;0.25;30
B(5,4);625;3110;5786;4658;57.5771;50;500;0.95;10;0;0.25;30
B(5,4);625;3110;5906;4676;57.7975;50;500;0.95;10;0;0.25;30
B(5,4);625;3110;5810;4714;57.9078;50;500;0.95;10;0;0.25;30
B(5,4);625;3110;5814;4658;56.7214;50;500;0.95;10;0;0.25;30
B(5,4);625;3110;5798;4666;57.7284;50;500;0.95;10;0;0.25;30
B(5,4);625;3110;5770;4702;60.8538;50;500;0.95;10;0;0.25;30
B(5,4);625;3110;5820;4656;57.3668;50;500;0.95;10;0;0.25;30
B(5,4);625;3110;5806;4674;58.8727;50;500;0.95;10;0;0.25;30
B(5,4);625;3110;5780;4672;57.6054;50;500;0.95;10;0;0.25;30
B(9,3);729;6516;3128;2584;68.6594;80;700;0.99;10;0;0.25;30
B(9,3);729;6516;3148;2592;69.2551;80;700;0.99;10;0;0.25;30
B(9,3);729;6516;3146;2590;68.8965;80;700;0.99;10;0;0.25;30
B(9,3);729;6516;3094;2580;69.7661;80;700;0.99;10;0;0.25;30
B(9,3);729;6516;3086;2582;69.3024;80;700;0.99;10;0;0.25;30
B(8,4);4096;32732;39600;39262;107.321;300;500;0.99;10;0;1;1
B(8,4);4096;32732;39606;39206;107.172;300;500;0.99;10;0;1;1
B(8,4);4096;32732;39704;39224;104.948;300;500;0.99;10;0;1;1
B(9,4);6561;59004;63584;63164;303.792;500;700;0.99;10;0;1;1
B(9,4);6561;59004;63716;63314;302.637;500;700;0.99;10;0;1;1
B(9,4);6561;59004;63618;63618;309.91;500;700;0.99;10;0;1;1
B(100,2);10000;994950;10294;10292;280.715;1;2;0.99;10;0;10;1
